{"epoch": 31, "outer_actor_loss": 110.26485432543325, "outer_critic_loss": 20.391173970616716, "temp_loss": -0.0021892510355594323, "temp": 0.0448194417035676, "normalized_reward_incentive": -2.0409584045410156, "Oracle_1.0": -1216.7217130953782, "Oracle_0.995": -754.827334452151, "_timestamp": 1711939613.638152, "_runtime": 1433.9255738258362, "_step": 30}