{"epoch": 2, "outer_actor_loss": 1.678782051525165, "outer_critic_loss": 13.227482061410688, "temp_loss": 1.2186847432065255, "temp": 0.7243448357606671, "normalized_reward_incentive": 0.0, "Oracle_1.0": -1233.3456771972585, "Oracle_0.995": -781.9764330081186, "_timestamp": 1711938259.247592, "_runtime": 79.53501391410828, "_step": 1}