{"epoch": 94, "outer_actor_loss": 141.4053203654739, "outer_critic_loss": 27.786183202491618, "temp_loss": -0.0005154893094375027, "temp": 0.034661317588585726, "normalized_reward_incentive": -2.166745185852051, "Oracle_1.0": -1350.4708657660997, "Oracle_0.995": -839.6189020159778, "_timestamp": 1711939611.0905159, "_runtime": 1812.45454287529, "_step": 93}