{"epoch": 36, "outer_actor_loss": 22.660071260278876, "outer_critic_loss": 20.781422086195512, "temp_loss": 0.24501380229538136, "temp": 0.17742984999309885, "normalized_reward_incentive": 0.6450064778327942, "Oracle_1.0": -892.2770112643736, "Oracle_0.995": -566.7253872628769, "_timestamp": 1711938289.5721636, "_runtime": 490.9361906051636, "_step": 35}