{"epoch": 45, "outer_actor_loss": 174.3004158271538, "outer_critic_loss": 23.59411324930715, "temp_loss": -0.0006141327324727611, "temp": 0.04540928465897565, "normalized_reward_incentive": -1.8963059186935425, "Oracle_1.0": -1841.3599854533709, "Oracle_0.995": -1140.620140933698, "_timestamp": 1711939584.163672, "_runtime": 1794.9731180667877, "_step": 44}