{"epoch": 18, "outer_actor_loss": 43.987797582409286, "outer_critic_loss": 17.873894186343176, "temp_loss": 0.03466992579247198, "temp": 0.04560779557804651, "normalized_reward_incentive": -2.9539828300476074, "Oracle_1.0": -1366.1195775759804, "Oracle_0.995": -874.4531157177119, "_timestamp": 1711938249.0641916, "_runtime": 459.873637676239, "_step": 17}