{"epoch": 65, "outer_actor_loss": 63.118938964090226, "outer_critic_loss": 24.639751999466508, "temp_loss": 0.044728674025201996, "temp": 0.0413838405422713, "normalized_reward_incentive": 0.7113857865333557, "Oracle_1.0": -1398.6933751095332, "Oracle_0.995": -883.6258452512991, "_timestamp": 1711939610.7256987, "_runtime": 1411.9285216331482, "_step": 64}