{"epoch": 45, "outer_actor_loss": 88.54739274245043, "outer_critic_loss": 21.48956452883207, "temp_loss": 0.012101009562816267, "temp": 0.016015448054851413, "normalized_reward_incentive": -0.8130422234535217, "Oracle_1.0": -448.8267511084852, "Oracle_0.995": -288.8871569873993, "_timestamp": 1711939595.9849012, "_runtime": 1350.3883233070374, "_step": 44}