{"epoch": 32, "outer_actor_loss": 114.40766792604646, "outer_critic_loss": 20.958797583234325, "temp_loss": 0.0013956352381364033, "temp": 0.020220281140422246, "normalized_reward_incentive": -0.8628352880477905, "Oracle_1.0": -1419.6021522170627, "Oracle_0.995": -893.3180111709428, "_timestamp": 1711939577.481794, "_runtime": 1463.4873070716858, "_step": 31}