{"epoch": 144, "outer_actor_loss": 301.1813848291376, "outer_critic_loss": 30.564692616902594, "temp_loss": 0.00015122494943838608, "temp": 0.026775548901285192, "normalized_reward_incentive": -0.9889082312583923, "Oracle_1.0": -1584.9411634047865, "Oracle_0.995": -999.4788531595952, "_timestamp": 1711938278.9682467, "_runtime": 1865.4908986091614, "_step": 143}