{"epoch": 200, "outer_actor_loss": 280.4879061990998, "outer_critic_loss": 30.313277205857844, "temp_loss": 0.0005499077057663516, "temp": 0.03994401064581097, "normalized_reward_incentive": -0.46070197224617004, "Oracle_1.0": -1332.2491005843863, "Oracle_0.995": -880.9821509844351, "_timestamp": 1711939502.556512, "_runtime": 3089.0791640281677, "_step": 199, "_wandb": {"runtime": 3087}}