{"epoch": 462, "outer_actor_loss": 14198.057494486877, "outer_critic_loss": 78.29117143010518, "temp_loss": 0.0015213663524286036, "temp": 0.25552090468997596, "Oracle_1.0": -932.4892189409265, "Oracle_0.995": -606.1399050921507, "_timestamp": 1711660373.3072298, "_runtime": 3717.3804388046265, "_step": 461, "_wandb": {"runtime": 3723}}