{"epoch": 47, "outer_actor_loss": 110.49510361117567, "outer_critic_loss": 22.522760799357986, "temp_loss": -0.004317594679020646, "temp": 0.020994262696613912, "normalized_reward_incentive": -3.7543842792510986, "Oracle_1.0": -1611.7523779693083, "Oracle_0.995": -1019.5918790995099, "_timestamp": 1711939603.180025, "_runtime": 1412.7219550609589, "_step": 46}