{"epoch": 82, "outer_actor_loss": 124.18592131137848, "outer_critic_loss": 26.51581308245659, "temp_loss": 0.007514334413826873, "temp": 0.021174429952225182, "normalized_reward_incentive": -2.837435722351074, "Oracle_1.0": -1327.0301545207803, "Oracle_0.995": -838.3079940972023, "_timestamp": 1711939594.794891, "_runtime": 1669.161062002182, "_step": 81}