{"epoch": 24, "outer_actor_loss": 15.20267187814577, "outer_critic_loss": 18.053862282450165, "temp_loss": 0.517045338571919, "temp": 0.30716040292622354, "normalized_reward_incentive": -0.8184649348258972, "Oracle_1.0": -1389.7712601357694, "Oracle_0.995": -878.3132635206687, "_timestamp": 1711938285.400332, "_runtime": 359.76650285720825, "_step": 23}