{"epoch": 63, "outer_actor_loss": 160.91987565634906, "outer_critic_loss": 24.99840968193228, "temp_loss": -0.0006537072449664906, "temp": 0.016109713958672733, "normalized_reward_incentive": -0.28369081020355225, "Oracle_1.0": -971.766316866968, "Oracle_0.995": -602.8402864155207, "_timestamp": 1711939607.8772798, "_runtime": 1718.4813356399536, "_step": 62}