{"epoch": 20, "outer_actor_loss": 24.185992227150845, "outer_critic_loss": 17.282990398315285, "temp_loss": 0.255903500597924, "temp": 0.15412610303610563, "normalized_reward_incentive": -0.14873509109020233, "Oracle_1.0": -1249.8895565034602, "Oracle_0.995": -789.7766348431174, "_timestamp": 1711938263.635385, "_runtime": 374.23944091796875, "_step": 19}