{"epoch": 26, "outer_actor_loss": 17.715967466246408, "outer_critic_loss": 18.427373400274313, "temp_loss": 0.4683139573009509, "temp": 0.2791835218667984, "normalized_reward_incentive": -0.4289398193359375, "Oracle_1.0": -1352.7754232269347, "Oracle_0.995": -860.7170196153281, "_timestamp": 1711938272.8835454, "_runtime": 375.2392404079437, "_step": 25}