{"epoch": 85, "outer_actor_loss": 144.15442361757738, "outer_critic_loss": 27.486748695373535, "temp_loss": 0.004751776683039588, "temp": 0.017543781483762486, "normalized_reward_incentive": -1.7193890810012817, "Oracle_1.0": -1381.2704796176731, "Oracle_0.995": -869.0743879667285, "_timestamp": 1711939608.5805097, "_runtime": 1710.9362046718597, "_step": 84}