{"epoch": 29, "outer_actor_loss": 90.98580150160679, "outer_critic_loss": 18.30621402485426, "temp_loss": 0.0019447150522589867, "temp": 0.008753590959362512, "normalized_reward_incentive": -1.1993464231491089, "Oracle_1.0": -1059.8892987129436, "Oracle_0.995": -675.5739585759374, "_timestamp": 1711939581.2496526, "_runtime": 1343.3144536018372, "_step": 28}