{"epoch": 18, "outer_actor_loss": 21.273470950184375, "outer_critic_loss": 16.94574440362667, "temp_loss": 0.30877304192605376, "temp": 0.18536351220659714, "normalized_reward_incentive": 0.5739696025848389, "Oracle_1.0": -1465.300526138745, "Oracle_0.995": -929.5981472811468, "_timestamp": 1711938277.7741663, "_runtime": 359.2668843269348, "_step": 17}