{"epoch": 60, "outer_actor_loss": 126.23476408316002, "outer_critic_loss": 22.386639890311653, "temp_loss": 0.0003427537924847049, "temp": 0.013161746732438584, "normalized_reward_incentive": -0.888005793094635, "Oracle_1.0": -1349.6033612499286, "Oracle_0.995": -891.0575543006312, "_timestamp": 1711939583.5582538, "_runtime": 1665.0509717464447, "_step": 59}