{"epoch": 69, "outer_actor_loss": 85.07052944152336, "outer_critic_loss": 26.98267772333409, "temp_loss": 0.016910552970943897, "temp": 0.04332208324496339, "normalized_reward_incentive": -3.1656951904296875, "Oracle_1.0": -1302.2947500390774, "Oracle_0.995": -829.1749937488592, "_timestamp": 1711939600.8539608, "_runtime": 1466.997392654419, "_step": 68}