{"epoch": 11, "outer_actor_loss": 7.634333962824807, "outer_critic_loss": 15.619999586646237, "temp_loss": 0.587117498045537, "temp": 0.3534368802955495, "Oracle_1.0": -1264.6188984062283, "Oracle_0.995": -785.7935382906476, "_timestamp": 1711932391.7429235, "_runtime": 65.22489953041077, "_step": 10, "_wandb": {"runtime": 66}}