{"epoch": 35, "outer_actor_loss": 134.23664748438537, "outer_critic_loss": 510.31353164731763, "temp_loss": -0.0010946484395095173, "temp": 0.0787189592208181, "Oracle_1.0": -1091.9779175484036, "Oracle_0.995": -687.4772875372321, "_timestamp": 1711654172.9071834, "_runtime": 184.38257241249084, "_step": 34, "_wandb": {"runtime": 185}}