{"epoch": 14, "outer_actor_loss": 32.30230952423584, "outer_critic_loss": 16.1077791579975, "temp_loss": 0.13118868013259669, "temp": 0.08139594933900153, "normalized_reward_incentive": 0.6579259634017944, "Oracle_1.0": -1315.8607486460262, "Oracle_0.995": -837.6930870833246, "_timestamp": 1711938271.5960665, "_runtime": 391.76121854782104, "_step": 13}