{"epoch": 41, "outer_actor_loss": 163.7922927533238, "outer_critic_loss": 21.60882259611302, "temp_loss": -0.0005310477786472922, "temp": 0.03307757915362068, "normalized_reward_incentive": -0.2617131769657135, "Oracle_1.0": -934.0632691181415, "Oracle_0.995": -576.4921706975588, "_timestamp": 1711939583.3757446, "_runtime": 1703.540896654129, "_step": 40}