{"epoch": 62, "outer_actor_loss": 65.0082768758138, "outer_critic_loss": 24.993821612993877, "temp_loss": 0.06514486440767844, "temp": 0.04689361999432246, "normalized_reward_incentive": 0.09350800514221191, "Oracle_1.0": -803.6653851683548, "Oracle_0.995": -513.9084081750909, "_timestamp": 1711939602.197814, "_runtime": 1348.192764043808, "_step": 61}