{"epoch": 40, "outer_actor_loss": 84.15523463340946, "outer_critic_loss": 18.09752874939767, "temp_loss": -9.049142650833825e-05, "temp": 0.01427498442835489, "normalized_reward_incentive": 0.5198875665664673, "Oracle_1.0": -183.40254919109336, "Oracle_0.995": -166.87280191003683, "_timestamp": 1711939606.499833, "_runtime": 1696.4680480957031, "_step": 39}