{"epoch": 12, "outer_actor_loss": 31.979132417113956, "outer_critic_loss": 15.794415153683044, "temp_loss": 0.18165797661745267, "temp": 0.11722082927213726, "normalized_reward_incentive": 0.035674259066581726, "Oracle_1.0": -963.0364196952105, "Oracle_0.995": -613.8253585715031, "_timestamp": 1711938251.2051141, "_runtime": 341.17332911491394, "_step": 11}