{"epoch": 50, "outer_actor_loss": 110.93504181568757, "outer_critic_loss": 23.810011797653132, "temp_loss": 8.81750552508843e-06, "temp": 0.024897557199485117, "normalized_reward_incentive": -2.136394500732422, "Oracle_1.0": -1369.8922336048015, "Oracle_0.995": -865.8431018614599, "_timestamp": 1711939613.065594, "_runtime": 1488.0974850654602, "_step": 49}